Title,Price
https://kirpich-gazobeton.ru/catalog/oblitsovochnyy-kirpich/oblitsovochnyy-kirpich-braer-1nf-korichnevyy-riflennyy-m-150-175/,50.00
https://kirpich-gazobeton.ru/catalog/oblitsovochnyy-kirpich/oblitsovochnyy-kirpich-braer-pro-5-06-bavarskaya-kladka-odinarnyy-1-nf/,76.00
https://kirpich-gazobeton.ru/catalog/oblitsovochnyy-kirpich/oblitsovochnyy-kirpich-braer-pro-14-04-1-bavarskaya-kladka-odinarnyy-1-nf/,76.00
https://kirpich-gazobeton.ru/catalog/oblitsovochnyy-kirpich/oblitsovochnyy-kirpich-braer-pro-55-08-1-bavarskaya-kladka-odinarnyy-1-nf/,85.00
https://kirpich-gazobeton.ru/catalog/oblitsovochnyy-kirpich/oblitsovochnyy-kirpich-braer-pro-72-03-bavarskaya-kladka-odinarnyy-1-nf/,85.00
https://kirpich-gazobeton.ru/catalog/oblitsovochnyy-kirpich/oblitsovochnyy-kirpich-braer-pro-28-02-bavarskaya-kladka-odinarnyy-1-nf/,85.00
https://kirpich-gazobeton.ru/catalog/oblitsovochnyy-kirpich/oblitsovochnyy-kirpich-braer-pro-34-03m-bavarskaya-kladka-odinarnyy-1-nf/,94.00
https://kirpich-gazobeton.ru/catalog/oblitsovochnyy-kirpich/oblitsovochnyy-kirpich-braer-pro-28-09-bavarskaya-kladka-odinarnyy-1-nf/,85.00
https://kirpich-gazobeton.ru/catalog/oblitsovochnyy-kirpich/oblitsovochnyy-kirpich-braer-pro-78-09-bavarskaya-kladka-odinarnyy-1-nf/,94.00
https://kirpich-gazobeton.ru/catalog/oblitsovochnyy-kirpich/oblitsovochnyy-kirpich-kerma-1-4nf-shokolad-gladkiy/,62.00
https://kirpich-gazobeton.ru/catalog/oblitsovochnyy-kirpich/oblitsovochnyy-kirpich-braer-1nf-bavarskaya-kladka-kora-duba-m-150-175/,47.00
https://kirpich-gazobeton.ru/catalog/oblitsovochnyy-kirpich/oblitsovochnyy-kirpich-braer-1nf-korichnevyy-gladkiy-m-150-175/,49.00
https://kirpich-gazobeton.ru/catalog/oblitsovochnyy-kirpich/oblitsovochnyy-kirpich-kerma-1nf-terrakotovyy-gladkiy/,40.00
https://kirpich-gazobeton.ru/catalog/oblitsovochnyy-kirpich/oblitsovochnyy-kirpich-braer-1nf-bavarskaya-kladka-mokko-gladkiy-m-150-175/,53.00
https://kirpich-gazobeton.ru/catalog/oblitsovochnyy-kirpich/oblitsovochnyy-kirpich-braer-0-7nf-bavarskaya-kladka-kora-duba-s-peskom-m-150-175/,41.00
https://kirpich-gazobeton.ru/catalog/oblitsovochnyy-kirpich/oblitsovochnyy-kirpich-braer-evro-0-7-nf-kladka-limited-rif/,46.00
https://kirpich-gazobeton.ru/catalog/oblitsovochnyy-kirpich/oblitsovochnyy-kirpich-likolor-odinarnyy-0-7-nf-tayga-vulkany-kamennyy-grom-lava-m200/,34.00
https://kirpich-gazobeton.ru/catalog/oblitsovochnyy-kirpich/oblitsovochnyy-kirpich-likolor-evro-0-7-nf-flesh-korolevskiy-dvor-m200/,35.00
https://kirpich-gazobeton.ru/catalog/oblitsovochnyy-kirpich/oblitsovochnyy-kirpich-likolor-evro-0-7-nf-solomennyy-gladkiy-m200/,36.00
https://kirpich-gazobeton.ru/catalog/oblitsovochnyy-kirpich/oblitsovochnyy-kirpich-kerma-0-7nf-krasnyy-rustik/,31.00
https://kirpich-gazobeton.ru/catalog/oblitsovochnyy-kirpich/oblitsovochnyy-kirpich-kerma-0-7nf-krasnyy-gladkiy/,31.00
https://kirpich-gazobeton.ru/catalog/oblitsovochnyy-kirpich/oblitsovochnyy-kirpich-kerma-1nf-krasnyy-rustik/,32.00
https://kirpich-gazobeton.ru/catalog/oblitsovochnyy-kirpich/oblitsovochnyy-kirpich-kerma-1nf-krasnyy-barkhat/,32.00
https://kirpich-gazobeton.ru/catalog/oblitsovochnyy-kirpich/oblitsovochnyy-kirpich-kerma-1nf-krasnyy-gladkiy/,32.00
https://kirpich-gazobeton.ru/catalog/oblitsovochnyy-kirpich/oblitsovochnyy-kirpich-kerma-odinarnyy-1-nf-bordo-rustik-us/,32.00
https://kirpich-gazobeton.ru/catalog/oblitsovochnyy-kirpich/oblitsovochnyy-kirpich-kerma-odinarnyy-1-nf-bordo-barkhat-us/,32.00
https://kirpich-gazobeton.ru/catalog/oblitsovochnyy-kirpich/oblitsovochnyy-kirpich-likolor-evro-0-7-nf-chelsi-gladkiy-m200/,38.00
https://kirpich-gazobeton.ru/catalog/oblitsovochnyy-kirpich/oblitsovochnyy-kirpich-likolor-odinarnyy-0-5-nf-tayga-vulkany-dar-zemli-barkhat-m200/,38.00
https://kirpich-gazobeton.ru/catalog/oblitsovochnyy-kirpich/oblitsovochnyy-kirpich-likolor-odinarnyy-0-7-nf-tayga-vulkany-kamennoe-plamya-barkhat-m200/,38.00
https://kirpich-gazobeton.ru/catalog/oblitsovochnyy-kirpich/oblitsovochnyy-kirpich-kerma-premium-evro-0-7-nf-ruby/,33.00
https://kirpich-gazobeton.ru/catalog/oblitsovochnyy-kirpich/oblitsovochnyy-kirpich-kerma-odinarnyy-1-nf-krasnyy-barkhat-us/,35.00
https://kirpich-gazobeton.ru/catalog/oblitsovochnyy-kirpich/oblitsovochnyy-kirpich-kerma-odinarnyy-1-nf-krasnyy-rustik-us/,35.00
https://kirpich-gazobeton.ru/catalog/oblitsovochnyy-kirpich/oblitsovochnyy-kirpich-kerma-odinarnyy-1-nf-krasnyy-gladkiy-us/,35.00
https://kirpich-gazobeton.ru/catalog/oblitsovochnyy-kirpich/oblitsovochnyy-kirpich-kerma-0-7nf-pshenichnoe-leto-barkhat/,35.00
https://kirpich-gazobeton.ru/catalog/oblitsovochnyy-kirpich/oblitsovochnyy-kirpich-kerma-0-7nf-pshenichnoe-leto-rustik/,35.00
https://kirpich-gazobeton.ru/catalog/oblitsovochnyy-kirpich/oblitsovochnyy-kirpich-kerma-0-7nf-pshenichnoe-leto-gladkiy/,35.00
https://kirpich-gazobeton.ru/catalog/oblitsovochnyy-kirpich/oblitsovochnyy-kirpich-kerma-odinarnyy-1-nf-terrakot-rustik-us/,36.00
https://kirpich-gazobeton.ru/catalog/oblitsovochnyy-kirpich/oblitsovochnyy-kirpich-kerma-1nf-terrakot-rustik/,36.00
https://kirpich-gazobeton.ru/catalog/oblitsovochnyy-kirpich/oblitsovochnyy-kirpich-kerma-1nf-terrakot-barkhat/,36.00
https://kirpich-gazobeton.ru/catalog/oblitsovochnyy-kirpich/oblitsovochnyy-kirpich-likolor-odinarnyy-1-nf-flesh-gladkiy-m200/,42.00
https://kirpich-gazobeton.ru/catalog/oblitsovochnyy-kirpich/oblitsovochnyy-kirpich-kerma-evro-0-9-nf-pshenichnoe-leto-gladkiy/,36.00
https://kirpich-gazobeton.ru/catalog/oblitsovochnyy-kirpich/oblitsovochnyy-kirpich-likolor-odinarnyy-1-nf-flesh-korolevskiy-dvor-m200/,43.00
https://kirpich-gazobeton.ru/catalog/oblitsovochnyy-kirpich/oblitsovochnyy-kirpich-likolor-odinarnyy-1-nf-bordo-gladkiy-m200/,43.00
https://kirpich-gazobeton.ru/catalog/oblitsovochnyy-kirpich/oblitsovochnyy-kirpich-likolor-odinarnyy-1-nf-flesh-lava-m200/,43.00
